{
  "IcoMoonType": "selection",
  "icons": [
    {
      "icon": {
        "paths": [
          "M1024 103.145l-103.145-103.145-408.855 408.855-408.855-408.855-103.145 103.145 408.855 408.855-408.855 408.855 103.145 103.145 408.855-408.855 408.855 408.855 103.145-103.145-408.855-408.855 408.855-408.855z"
        ],
        "attrs": [
          {}
        ],
        "isMulticolor": false,
        "isMulticolor2": false,
        "grid": 0,
        "tags": [
          "vector"
        ]
      },
      "attrs": [
        {}
      ],
      "properties": {
        "order": 38,
        "id": 0,
        "name": "vector",
        "prevSize": 32
      },
      "setIdx": 0,
      "setId": 5,
      "iconIdx": 0
    }
  ],
  "height": 1024,
  "preferences": {
    "showGlyphs": true,
    "showQuickUse": true,
    "showQuickUse2": true,
    "showSVGs": true,
    "fontPref": {
      "prefix": "icon-",
      "metadata": {
        "fontFamily": "icomoon"
      },
      "metrics": {
        "emSize": 1024,
        "baseline": 6.25,
        "whitespace": 50
      },
      "embed": false
    },
    "imagePref": {
      "prefix": "icon-",
      "png": false,
      "useClassSelector": true,
      "color": 0,
      "bgColor": 16777215,
      "classSelector": ".icon",
      "name": "icomoon",
      "autoHost": true,
      "height": 32,
      "columns": 16,
      "margin": 16
    },
    "historySize": 50,
    "showCodes": true,
    "gridSize": 16,
    "quickUsageToken": {
      "UntitledProject": "OGY5NTBhYWIzNmNjMTc0NjRmNmMwMzhmMGE3OTM2OGIjMSMxNjYwMTU2NjE5IyMjMjMzM2FiODEwMWZh"
    }
  }
}